time,TASK_CLICK_NUMBER,fullEvent,id,task,event,context,subcontext,attr,station,environment,element,lx,ly,vis_id,value,vis-id
2023-03-10 19:09:33.732,1.0,Open: 260,0,1,select_station,,,,260,ar,,,,,,
2023-03-10 19:09:35.606,2.0,PersonalInfo/GeneralStationInfo/Buttons/CycleTimesButton,0,1,show_cycle,personal,,,,ar,,,,,,
2023-03-10 19:09:37.340,3.0,PersonalInfo/CycleTimesMain/TitleBar/Buttons/BackButton,0,1,back,personal,cycle_time_main,,,ar,,,,,,
2023-03-10 19:09:40.271,1.0,HandMenu/LineMonitoringMenu/UsabilityTaskBar/Buttons/CompletedButton,0,2,finish_task,,,,,ar,,,,,,
2023-03-10 19:09:42.119,2.0,PersonalInfo/GeneralStationInfo/Buttons/KPIsButton,0,2,show_kpi,personal,,,,ar,,,,,,
2023-03-10 19:09:45.505,1.0,HandMenu/LineMonitoringMenu/UsabilityTaskBar/Buttons/CompletedButton,0,3,finish_task,,,,,ar,,,,,,
2023-03-10 19:09:47.392,2.0,HandMenu/LineMonitoringMenu/FilterButton,0,3,show_filters,,,,,ar,,,,,,
2023-03-10 19:09:48.245,3.0,HandMenu/LineMonitoringMenu/FilterButtonCollection/BottleneckButton,0,3,bottleneck,handmenu,,,,ar,,,,,,
2023-03-10 19:09:53.687,4.0,PersonalInfo/KPIsMain/TitleBar/Buttons/CloseButton,0,3,close,personal,kpi_main,,,ar,,,,,,
2023-03-10 19:09:58.024,5.0,HandMenu/LineMonitoringMenu/CancelFilteringButton,0,3,cancel_filter,handmenu,,,,ar,,,,,,
2023-03-10 19:10:00.085,1.0,HandMenu/LineMonitoringMenu/UsabilityTaskBar/Buttons/CompletedButton,0,4,finish_task,,,,,ar,,,,,,
2023-03-10 19:10:02.625,2.0,HandMenu/LineMonitoringMenu/FilterButton,0,4,show_filters,,,,,ar,,,,,,
2023-03-10 19:10:03.301,3.0,HandMenu/LineMonitoringMenu/FilterButtonCollection/AllButton,0,4,all,handmenu,,,,ar,,,,,,
2023-03-10 19:10:03.939,4.0,HandMenu/LineMonitoringMenu/CancelFilteringButton,0,4,cancel_filter,handmenu,,,,ar,,,,,,
2023-03-10 19:10:04.948,5.0,Open: 290,0,4,select_station,,,,290,ar,,,,,,
2023-03-10 19:10:06.409,6.0,PersonalInfo/GeneralStationInfo/Buttons/KPIsButton,0,4,show_kpi,personal,,,,ar,,,,,,
2023-03-10 19:10:06.993,7.0,PersonalInfo/KPIsMain/Buttons/OEEButton,0,4,select_attr,,,oee,,ar,,,,,,
2023-03-10 19:10:08.184,8.0,PersonalInfo/KPIsSpecific/ShiftNumberSlider,0,4,set_slider,,,,,ar,,,,,,
2023-03-10 19:10:09.541,9.0,PersonalInfo/KPIsSpecific/ShiftNumberSlider,0,4,set_slider,,,,,ar,,,,,,
2023-03-10 19:10:09.801,10.0,PersonalInfo/KPIsSpecific/ShiftNumberSlider,0,4,set_slider,,,,,ar,,,,,,
2023-03-10 19:10:10.434,11.0,PersonalInfo/KPIsSpecific/ShiftNumberSlider,0,4,set_slider,,,,,ar,,,,,,
2023-03-10 19:10:12.217,12.0,PersonalInfo/KPIsSpecific/ShiftNumberSlider,0,4,set_slider,,,,,ar,,,,,,
2023-03-10 19:10:13.519,13.0,PersonalInfo/KPIsSpecific/ShiftNumberSlider,0,4,set_slider,,,,,ar,,,,,,
2023-03-10 19:10:15.971,1.0,HandMenu/LineMonitoringMenu/UsabilityTaskBar/Buttons/CompletedButton,0,5,finish_task,,,,,ar,,,,,,
2023-03-10 19:10:18.145,2.0,PersonalInfo/KPIsSpecific/TitleBar/Buttons/BackButton,0,5,back,personal,kpi_specific,,,ar,,,,,,
2023-03-10 19:10:18.848,3.0,PersonalInfo/KPIsMain/Buttons/PartCountButton,0,5,select_attr,,,partCount,,ar,,,,,,
2023-03-10 19:10:21.400,4.0,Open: 260,0,5,select_station,,,,260,ar,,,,,,
2023-03-10 19:10:22.545,5.0,PersonalInfo/GeneralStationInfo/Buttons/KPIsButton,0,5,show_kpi,personal,,,,ar,,,,,,
2023-03-10 19:10:23.029,6.0,PersonalInfo/KPIsMain/Buttons/PartCountButton,0,5,select_attr,,,partCount,,ar,,,,,,
2023-03-10 19:10:26.368,7.0,PersonalInfo/KPIsSpecific/ShiftNumberSlider,0,5,set_slider,,,,,ar,,,,,,
2023-03-10 19:10:31.275,1.0,HandMenu/LineMonitoringMenu/UsabilityTaskBar/Buttons/CompletedButton,0,6,finish_task,,,,,ar,,,,,,
2023-03-10 17:18:37.697,1.0,Open: 260,1,1,select_station,,,,260,ar,,,,,,
2023-03-10 17:18:43.210,2.0,PersonalInfo/GeneralStationInfo/Buttons/CycleTimesButton,1,1,show_cycle,personal,,,,ar,,,,,,
2023-03-10 17:19:20.401,1.0,HandMenu/LineMonitoringMenu/UsabilityTaskBar/Buttons/CompletedButton,1,2,finish_task,,,,,ar,,,,,,
2023-03-10 17:19:31.517,2.0,PersonalInfo/CycleTimesMain/TitleBar/Buttons/BackButton,1,2,back,personal,cycle_time_main,,,ar,,,,,,
2023-03-10 17:19:33.175,3.0,PersonalInfo/GeneralStationInfo/Buttons/KPIsButton,1,2,show_kpi,personal,,,,ar,,,,,,
2023-03-10 17:19:52.694,1.0,HandMenu/LineMonitoringMenu/UsabilityTaskBar/Buttons/CompletedButton,1,3,finish_task,,,,,ar,,,,,,
2023-03-10 17:19:58.858,2.0,PersonalInfo/KPIsMain/TitleBar/Buttons/BackButton,1,3,back,personal,kpi_main,,,ar,,,,,,
2023-03-10 17:20:12.436,1.0,HandMenu/LineMonitoringMenu/UsabilityTaskBar/Buttons/CompletedButton,1,4,finish_task,,,,,ar,,,,,,
2023-03-10 17:20:37.114,2.0,Open: 290,1,4,select_station,,,,290,ar,,,,,,
2023-03-10 17:21:05.403,3.0,PersonalInfo/GeneralStationInfo/Buttons/KPIsButton,1,4,show_kpi,personal,,,,ar,,,,,,
2023-03-10 17:21:11.733,4.0,PersonalInfo/KPIsMain/Buttons/OEEButton,1,4,select_attr,,,oee,,ar,,,,,,
2023-03-10 17:21:21.428,5.0,PersonalInfo/KPIsSpecific/ShiftNumberSlider,1,4,set_slider,,,,,ar,,,,,,
2023-03-10 17:21:33.181,6.0,PersonalInfo/KPIsSpecific/ShiftNumberSlider,1,4,set_slider,,,,,ar,,,,,,
2023-03-10 17:21:45.728,7.0,PersonalInfo/KPIsSpecific/ShiftNumberSlider,1,4,set_slider,,,,,ar,,,,,,
2023-03-10 17:22:04.829,8.0,PersonalInfo/KPIsSpecific/ShiftNumberSlider,1,4,set_slider,,,,,ar,,,,,,
2023-03-10 17:22:08.365,9.0,PersonalInfo/KPIsSpecific/ShiftNumberSlider,1,4,set_slider,,,,,ar,,,,,,
2023-03-10 17:22:13.034,10.0,PersonalInfo/KPIsSpecific/ShiftNumberSlider,1,4,set_slider,,,,,ar,,,,,,
2023-03-10 17:22:40.052,1.0,HandMenu/LineMonitoringMenu/UsabilityTaskBar/Buttons/CompletedButton,1,5,finish_task,,,,,ar,,,,,,
2023-03-10 17:22:52.953,2.0,PersonalInfo/KPIsSpecific/TitleBar/Buttons/BackButton,1,5,back,personal,kpi_specific,,,ar,,,,,,
2023-03-10 17:22:54.124,3.0,PersonalInfo/KPIsMain/TitleBar/Buttons/BackButton,1,5,back,personal,kpi_main,,,ar,,,,,,
2023-03-10 17:23:02.968,4.0,Open: 260,1,5,select_station,,,,260,ar,,,,,,
2023-03-10 17:23:27.616,5.0,Open: 270,1,5,select_station,,,,270,ar,,,,,,
2023-03-10 17:23:32.439,6.0,Open: 260,1,5,select_station,,,,260,ar,,,,,,
2023-03-10 17:23:40.899,7.0,PersonalInfo/GeneralStationInfo/Buttons/CycleTimesButton,1,5,show_cycle,personal,,,,ar,,,,,,
2023-03-10 17:23:43.436,8.0,PersonalInfo/CycleTimesMain/TitleBar/Buttons/BackButton,1,5,back,personal,cycle_time_main,,,ar,,,,,,
2023-03-10 17:23:44.205,9.0,PersonalInfo/GeneralStationInfo/Buttons/KPIsButton,1,5,show_kpi,personal,,,,ar,,,,,,
2023-03-10 17:23:47.489,10.0,PersonalInfo/KPIsMain/Buttons/PartCountButton,1,5,select_attr,,,partCount,,ar,,,,,,
2023-03-10 17:23:53.352,11.0,PersonalInfo/KPIsSpecific/ShiftNumberSlider,1,5,set_slider,,,,,ar,,,,,,
2023-03-10 17:24:23.719,1.0,HandMenu/LineMonitoringMenu/UsabilityTaskBar/Buttons/CompletedButton,1,6,finish_task,,,,,ar,,,,,,
2023-03-10 17:30:46.691,1.0,Open: 260,2,1,select_station,,,,260,ar,,,,,,
2023-03-10 17:30:51.041,2.0,PersonalInfo/GeneralStationInfo/Buttons/CycleTimesButton,2,1,show_cycle,personal,,,,ar,,,,,,
2023-03-10 17:31:07.471,1.0,HandMenu/LineMonitoringMenu/UsabilityTaskBar/Buttons/CompletedButton,2,2,finish_task,,,,,ar,,,,,,
2023-03-10 17:31:28.580,2.0,PersonalInfo/CycleTimesMain/TitleBar/Buttons/CloseButton,2,2,close,personal,cycle_time_main,,,ar,,,,,,
2023-03-10 17:31:30.578,3.0,Open: 260,2,2,select_station,,,,260,ar,,,,,,
2023-03-10 17:31:32.334,4.0,PersonalInfo/GeneralStationInfo/Buttons/KPIsButton,2,2,show_kpi,personal,,,,ar,,,,,,
2023-03-10 17:32:02.294,5.0,PersonalInfo/KPIsMain/TitleBar/Buttons/CloseButton,2,2,close,personal,kpi_main,,,ar,,,,,,
2023-03-10 17:32:06.279,1.0,HandMenu/LineMonitoringMenu/UsabilityTaskBar/Buttons/CompletedButton,2,3,finish_task,,,,,ar,,,,,,
2023-03-10 17:32:24.898,1.0,HandMenu/LineMonitoringMenu/UsabilityTaskBar/Buttons/CompletedButton,2,4,finish_task,,,,,ar,,,,,,
2023-03-10 17:32:25.721,2.0,Open: 270,2,4,select_station,,,,270,ar,,,,,,
2023-03-10 17:32:48.121,3.0,Open: 290,2,4,select_station,,,,290,ar,,,,,,
2023-03-10 17:32:58.907,4.0,PersonalInfo/GeneralStationInfo/TitleBar/Buttons/CloseButtoon,2,4,close,personal,,,,ar,,,,,,
2023-03-10 17:33:03.452,5.0,Open: 290,2,4,select_station,,,,290,ar,,,,,,
2023-03-10 17:33:10.831,6.0,PersonalInfo/GeneralStationInfo/Buttons/KPIsButton,2,4,show_kpi,personal,,,,ar,,,,,,
2023-03-10 17:33:17.700,7.0,PersonalInfo/KPIsMain/Buttons/OEEButton,2,4,select_attr,,,oee,,ar,,,,,,
2023-03-10 17:33:26.829,8.0,PersonalInfo/KPIsSpecific/ShiftNumberSlider,2,4,set_slider,,,,,ar,,,,,,
2023-03-10 17:33:33.824,9.0,Open: 290,2,4,select_station,,,,290,ar,,,,,,
2023-03-10 17:33:37.350,10.0,PersonalInfo/GeneralStationInfo/TitleBar/Buttons/CloseButtoon,2,4,close,personal,,,,ar,,,,,,
2023-03-10 17:33:40.643,1.0,HandMenu/LineMonitoringMenu/UsabilityTaskBar/Buttons/CompletedButton,2,5,finish_task,,,,,ar,,,,,,
2023-03-10 17:33:50.676,2.0,Open: 290,2,5,select_station,,,,290,ar,,,,,,
2023-03-10 17:33:53.515,3.0,PersonalInfo/GeneralStationInfo/TitleBar/Buttons/CloseButtoon,2,5,close,personal,,,,ar,,,,,,
2023-03-10 17:33:56.576,4.0,Open: 260,2,5,select_station,,,,260,ar,,,,,,
2023-03-10 17:34:05.246,5.0,PersonalInfo/GeneralStationInfo/Buttons/KPIsButton,2,5,show_kpi,personal,,,,ar,,,,,,
2023-03-10 17:34:06.583,6.0,PersonalInfo/KPIsMain/Buttons/PartCountButton,2,5,select_attr,,,partCount,,ar,,,,,,
2023-03-10 17:34:39.022,7.0,PersonalInfo/KPIsSpecific/TitleBar/Buttons/CloseButton,2,5,close,personal,kpi_specific,,,ar,,,,,,
2023-03-10 17:34:44.777,1.0,HandMenu/LineMonitoringMenu/UsabilityTaskBar/Buttons/CompletedButton,2,6,finish_task,,,,,ar,,,,,,
2023-03-10 09:52:17.844,1.0,HandMenu/LineMonitoringMenu/UsabilityTaskBar/Buttons/CompletedButton,3,2,finish_task,,,,,ar,,,,,,
2023-03-10 09:52:32.191,2.0,Open: 260,3,2,select_station,,,,260,ar,,,,,,
2023-03-10 09:52:33.801,3.0,PersonalInfo/GeneralStationInfo/Buttons/KPIsButton,3,2,show_kpi,personal,,,,ar,,,,,,
2023-03-10 09:52:46.026,1.0,HandMenu/LineMonitoringMenu/UsabilityTaskBar/Buttons/CompletedButton,3,3,finish_task,,,,,ar,,,,,,
2023-03-10 09:53:01.945,1.0,HandMenu/LineMonitoringMenu/UsabilityTaskBar/Buttons/CompletedButton,3,4,finish_task,,,,,ar,,,,,,
2023-03-10 09:53:09.397,2.0,Open: 290,3,4,select_station,,,,290,ar,,,,,,
2023-03-10 09:53:26.989,3.0,PersonalInfo/GeneralStationInfo/TitleBar/Buttons/CloseButtoon,3,4,close,personal,,,,ar,,,,,,
2023-03-10 09:53:35.927,4.0,Open: 290,3,4,select_station,,,,290,ar,,,,,,
2023-03-10 09:53:46.894,5.0,PersonalInfo/GeneralStationInfo/Buttons/KPIsButton,3,4,show_kpi,personal,,,,ar,,,,,,
2023-03-10 09:53:48.801,6.0,PersonalInfo/KPIsMain/Buttons/OEEButton,3,4,select_attr,,,oee,,ar,,,,,,
2023-03-10 09:53:52.339,7.0,PersonalInfo/KPIsSpecific/ShiftNumberSlider,3,4,set_slider,,,,,ar,,,,,,
2023-03-10 09:53:52.954,8.0,PersonalInfo/KPIsSpecific/ShiftNumberSlider,3,4,set_slider,,,,,ar,,,,,,
2023-03-10 09:53:53.168,9.0,PersonalInfo/KPIsSpecific/ShiftNumberSlider,3,4,set_slider,,,,,ar,,,,,,
2023-03-10 09:53:54.353,10.0,PersonalInfo/KPIsSpecific/ShiftNumberSlider,3,4,set_slider,,,,,ar,,,,,,
2023-03-10 09:53:56.252,11.0,PersonalInfo/KPIsSpecific/ShiftNumberSlider,3,4,set_slider,,,,,ar,,,,,,
2023-03-10 09:53:58.940,12.0,PersonalInfo/KPIsSpecific/ShiftNumberSlider,3,4,set_slider,,,,,ar,,,,,,
2023-03-10 09:54:03.106,13.0,PersonalInfo/KPIsSpecific/ShiftNumberSlider,3,4,set_slider,,,,,ar,,,,,,
2023-03-10 09:54:08.170,14.0,PersonalInfo/KPIsSpecific/ShiftNumberSlider,3,4,set_slider,,,,,ar,,,,,,
2023-03-10 09:54:42.287,15.0,PersonalInfo/KPIsSpecific/ShiftNumberSlider,3,4,set_slider,,,,,ar,,,,,,
2023-03-10 09:54:44.204,16.0,PersonalInfo/KPIsSpecific/ShiftNumberSlider,3,4,set_slider,,,,,ar,,,,,,
2023-03-10 09:54:45.917,17.0,PersonalInfo/KPIsSpecific/ShiftNumberSlider,3,4,set_slider,,,,,ar,,,,,,
2023-03-10 09:55:09.751,1.0,HandMenu/LineMonitoringMenu/UsabilityTaskBar/Buttons/CompletedButton,3,5,finish_task,,,,,ar,,,,,,
2023-03-10 09:55:38.107,2.0,PersonalInfo/KPIsSpecific/TitleBar/Buttons/CloseButton,3,5,close,personal,kpi_specific,,,ar,,,,,,
2023-03-10 09:55:43.406,3.0,Open: 260,3,5,select_station,,,,260,ar,,,,,,
2023-03-10 09:55:47.595,4.0,PersonalInfo/GeneralStationInfo/Buttons/KPIsButton,3,5,show_kpi,personal,,,,ar,,,,,,
2023-03-10 09:55:48.480,5.0,PersonalInfo/KPIsMain/Buttons/PartCountButton,3,5,select_attr,,,partCount,,ar,,,,,,
2023-03-10 09:55:54.871,6.0,PersonalInfo/KPIsSpecific/ShiftNumberSlider,3,5,set_slider,,,,,ar,,,,,,
2023-03-10 09:55:57.487,7.0,PersonalInfo/KPIsSpecific/ShiftNumberSlider,3,5,set_slider,,,,,ar,,,,,,
2023-03-10 09:56:17.357,1.0,HandMenu/LineMonitoringMenu/UsabilityTaskBar/Buttons/CompletedButton,3,6,finish_task,,,,,ar,,,,,,
2023-03-10 09:56:19.938,2.0,PersonalInfo/KPIsSpecific/TitleBar/Buttons/CloseButton,3,6,close,personal,kpi_specific,,,ar,,,,,,
2023-03-10 09:57:05.226,3.0,Open: 290,3,6,select_station,,,,290,ar,,,,,,
2023-03-10 09:57:11.357,4.0,PersonalInfo/GeneralStationInfo/TitleBar/Buttons/CloseButtoon,3,6,close,personal,,,,ar,,,,,,
2023-03-10 09:57:13.963,5.0,Open: 260,3,6,select_station,,,,260,ar,,,,,,
2023-03-10 09:57:22.808,6.0,PersonalInfo/GeneralStationInfo/TitleBar/Buttons/CloseButtoon,3,6,close,personal,,,,ar,,,,,,
2023-03-10 09:57:26.805,7.0,Open: 260,3,6,select_station,,,,260,ar,,,,,,
2023-03-10 09:57:34.472,8.0,PersonalInfo/GeneralStationInfo/TitleBar/Buttons/CloseButtoon,3,6,close,personal,,,,ar,,,,,,
2023-03-10 09:57:48.339,9.0,Open: 260,3,6,select_station,,,,260,ar,,,,,,
2023-03-10 09:57:58.290,10.0,PersonalInfo/GeneralStationInfo/TitleBar/Buttons/CloseButtoon,3,6,close,personal,,,,ar,,,,,,
2023-03-10 09:58:01.105,11.0,Open: 260,3,6,select_station,,,,260,ar,,,,,,
2023-03-10 11:42:37.975,1.0,Open: 260,4,1,select_station,,,,260,ar,,,,,,
2023-03-10 11:42:39.811,2.0,PersonalInfo/GeneralStationInfo/Buttons/CycleTimesButton,4,1,show_cycle,personal,,,,ar,,,,,,
2023-03-10 11:42:43.086,3.0,PersonalInfo/CycleTimesMain/TitleBar/Buttons/BackButton,4,1,back,personal,cycle_time_main,,,ar,,,,,,
2023-03-10 11:42:44.464,4.0,PersonalInfo/GeneralStationInfo/TitleBar/Buttons/CloseButtoon,4,1,close,personal,,,,ar,,,,,,
2023-03-10 11:42:50.166,5.0,Open: 270,4,1,select_station,,,,270,ar,,,,,,
2023-03-10 11:42:51.383,6.0,PersonalInfo/GeneralStationInfo/Buttons/CycleTimesButton,4,1,show_cycle,personal,,,,ar,,,,,,
2023-03-10 11:42:58.909,7.0,PersonalInfo/CycleTimesMain/TitleBar/Buttons/CloseButton,4,1,close,personal,cycle_time_main,,,ar,,,,,,
2023-03-10 11:43:01.250,1.0,HandMenu/LineMonitoringMenu/UsabilityTaskBar/Buttons/CompletedButton,4,2,finish_task,,,,,ar,,,,,,
2023-03-10 11:43:10.038,2.0,Open: 260,4,2,select_station,,,,260,ar,,,,,,
2023-03-10 11:43:12.092,3.0,PersonalInfo/GeneralStationInfo/Buttons/KPIsButton,4,2,show_kpi,personal,,,,ar,,,,,,
2023-03-10 11:43:25.334,4.0,PersonalInfo/KPIsMain/TitleBar/Buttons/CloseButton,4,2,close,personal,kpi_main,,,ar,,,,,,
2023-03-10 11:43:31.817,1.0,HandMenu/LineMonitoringMenu/UsabilityTaskBar/Buttons/CompletedButton,4,3,finish_task,,,,,ar,,,,,,
2023-03-10 11:43:44.135,1.0,HandMenu/LineMonitoringMenu/UsabilityTaskBar/Buttons/CompletedButton,4,4,finish_task,,,,,ar,,,,,,
2023-03-10 11:43:55.194,2.0,HandMenu/LineMonitoringMenu/FilterButton,4,4,show_filters,,,,,ar,,,,,,
2023-03-10 11:44:01.332,3.0,HandMenu/LineMonitoringMenu/FilterButtonCollection/KPIsButton,4,4,show_kpi,handmenu,,,,ar,,,,,,
2023-03-10 11:44:06.134,4.0,Open: 290,4,4,select_station,,,,290,ar,,,,,,
2023-03-10 11:44:09.313,5.0,PersonalInfo/KPIsMain/Buttons/OEEButton,4,4,select_attr,,,oee,,ar,,,,,,
2023-03-10 11:44:15.733,6.0,PersonalInfo/KPIsSpecific/ShiftNumberSlider,4,4,set_slider,,,,,ar,,,,,,
2023-03-10 11:44:28.674,1.0,HandMenu/LineMonitoringMenu/UsabilityTaskBar/Buttons/CompletedButton,4,5,finish_task,,,,,ar,,,,,,
2023-03-10 11:44:38.818,2.0,PersonalInfo/KPIsSpecific/TitleBar/Buttons/CloseButton,4,5,close,personal,kpi_specific,,,ar,,,,,,
2023-03-10 11:44:41.469,3.0,Open: 260,4,5,select_station,,,,260,ar,,,,,,
2023-03-10 11:44:41.512,4.0,Open: 260,4,5,select_station,,,,260,ar,,,,,,
2023-03-10 11:44:41.559,5.0,Open: 260,4,5,select_station,,,,260,ar,,,,,,
2023-03-10 11:44:48.938,6.0,PersonalInfo/KPIsMain/Buttons/PartCountButton,4,5,select_attr,,,partCount,,ar,,,,,,
2023-03-10 11:44:55.710,7.0,PersonalInfo/KPIsSpecific/ShiftNumberSlider,4,5,set_slider,,,,,ar,,,,,,
2023-03-10 11:45:13.168,1.0,HandMenu/LineMonitoringMenu/UsabilityTaskBar/Buttons/CompletedButton,4,6,finish_task,,,,,ar,,,,,,
2023-03-10 11:45:14.975,1.0,HandMenu/LineMonitoringMenu/UsabilityTaskBar/Buttons/CompletedButton,4,7,finish_task,,,,,ar,,,,,,
2023-03-10 11:45:17.049,2.0,HandMenu/LineMonitoringMenu/FilterButtonCollection/AllButton,4,7,all,handmenu,,,,ar,,,,,,
2023-03-10 11:45:26.373,3.0,HandMenu/LineMonitoringMenu/FilterButtonCollection/BottleneckButton,4,7,bottleneck,handmenu,,,,ar,,,,,,
2023-03-10 11:46:13.868,4.0,PersonalInfo/KPIsSpecific/TitleBar/Buttons/CloseButton,4,7,close,personal,kpi_specific,,,ar,,,,,,
2023-03-10 11:46:20.855,5.0,HandMenu/LineMonitoringMenu/FilterButtonCollection/BottleneckButton,4,7,bottleneck,handmenu,,,,ar,,,,,,
2023-03-10 11:46:23.139,6.0,HandMenu/LineMonitoringMenu/FilterButtonCollection/BottleneckButton,4,7,bottleneck,handmenu,,,,ar,,,,,,
2023-03-10 11:46:32.078,7.0,HandMenu/LineMonitoringMenu/FilterButtonCollection/CycleTimeButton,4,7,,,,,,ar,,,,,,
2023-03-10 11:46:39.722,8.0,HandMenu/LineMonitoringMenu/FilterButtonCollection/KPIsButton,4,7,show_kpi,handmenu,,,,ar,,,,,,
2023-03-10 11:46:46.828,9.0,HandMenu/LineMonitoringMenu/FilterButtonCollection/CycleTimeButton,4,7,,,,,,ar,,,,,,
2023-03-10 11:46:48.860,10.0,HandMenu/LineMonitoringMenu/FilterButtonCollection/KPIsButton,4,7,show_kpi,handmenu,,,,ar,,,,,,
2023-03-10 11:46:51.220,11.0,HandMenu/LineMonitoringMenu/FilterButtonCollection/CycleTimeButton,4,7,,,,,,ar,,,,,,
2023-03-10 11:46:51.856,12.0,Open: 270,4,7,select_station,,,,270,ar,,,,,,
2023-03-10 11:46:54.562,13.0,PersonalInfo/CycleTimesMain/TitleBar/Buttons/CloseButton,4,7,close,personal,cycle_time_main,,,ar,,,,,,
2023-03-10 11:46:55.114,14.0,Open: 270,4,7,select_station,,,,270,ar,,,,,,
2023-03-10 11:46:56.752,15.0,HandMenu/LineMonitoringMenu/OverviewButton,4,7,overview,,,,,ar,,,,,,
2023-03-10 11:47:03.643,16.0,PersonalInfo/StationsOverview/TitleBar/Buttons/FollowMeButton,4,7,followme,,,,,ar,,,,,,
2023-03-10 11:47:09.440,17.0,HandMenu/LineMonitoringMenu/BackButton,4,7,back,handmenu,,,,ar,,,,,,
2023-03-10 11:27:04.911,1.0,HandMenu/LineMonitoringMenu/UsabilityTaskBar/Buttons/CompletedButton,5,2,finish_task,,,,,ar,,,,,,
2023-03-10 11:27:27.287,2.0,Open: 260,5,2,select_station,,,,260,ar,,,,,,
2023-03-10 11:27:31.726,3.0,PersonalInfo/GeneralStationInfo/Buttons/KPIsButton,5,2,show_kpi,personal,,,,ar,,,,,,
2023-03-10 11:27:55.396,1.0,HandMenu/LineMonitoringMenu/UsabilityTaskBar/Buttons/CompletedButton,5,3,finish_task,,,,,ar,,,,,,
2023-03-10 11:28:02.431,2.0,PersonalInfo/KPIsMain/TitleBar/Buttons/CloseButton,5,3,close,personal,kpi_main,,,ar,,,,,,
2023-03-10 11:28:10.748,3.0,Open: 270,5,3,select_station,,,,270,ar,,,,,,
2023-03-10 11:28:17.314,1.0,HandMenu/LineMonitoringMenu/UsabilityTaskBar/Buttons/CompletedButton,5,4,finish_task,,,,,ar,,,,,,
2023-03-10 11:28:28.267,2.0,PersonalInfo/GeneralStationInfo/Buttons/KPIsButton,5,4,show_kpi,personal,,,,ar,,,,,,
2023-03-10 11:28:51.255,3.0,PersonalInfo/KPIsMain/TitleBar/Buttons/CloseButton,5,4,close,personal,kpi_main,,,ar,,,,,,
2023-03-10 11:28:58.666,4.0,Open: 290,5,4,select_station,,,,290,ar,,,,,,
2023-03-10 11:29:13.630,5.0,PersonalInfo/GeneralStationInfo/TitleBar/Buttons/CloseButtoon,5,4,close,personal,,,,ar,,,,,,
2023-03-10 11:29:15.676,6.0,Open: 290,5,4,select_station,,,,290,ar,,,,,,
2023-03-10 11:29:20.119,7.0,PersonalInfo/GeneralStationInfo/Buttons/KPIsButton,5,4,show_kpi,personal,,,,ar,,,,,,
2023-03-10 11:29:30.076,8.0,PersonalInfo/KPIsMain/Buttons/OEEButton,5,4,select_attr,,,oee,,ar,,,,,,
2023-03-10 11:30:28.131,9.0,PersonalInfo/KPIsSpecific/ShiftNumberSlider,5,4,set_slider,,,,,ar,,,,,,
2023-03-10 11:30:31.512,10.0,PersonalInfo/KPIsSpecific/ShiftNumberSlider,5,4,set_slider,,,,,ar,,,,,,
2023-03-10 11:30:42.947,11.0,PersonalInfo/KPIsSpecific/TitleBar/Buttons/CloseButton,5,4,close,personal,kpi_specific,,,ar,,,,,,
2023-03-10 11:30:43.711,12.0,Open: 290,5,4,select_station,,,,290,ar,,,,,,
2023-03-10 11:30:46.840,1.0,HandMenu/LineMonitoringMenu/UsabilityTaskBar/Buttons/CompletedButton,5,5,finish_task,,,,,ar,,,,,,
2023-03-10 11:31:08.300,2.0,Open: 260,5,5,select_station,,,,260,ar,,,,,,
2023-03-10 11:31:25.634,3.0,PersonalInfo/GeneralStationInfo/TitleBar/Buttons/CloseButtoon,5,5,close,personal,,,,ar,,,,,,
2023-03-10 11:31:29.021,4.0,Open: 260,5,5,select_station,,,,260,ar,,,,,,
2023-03-10 11:31:41.622,5.0,PersonalInfo/GeneralStationInfo/Buttons/KPIsButton,5,5,show_kpi,personal,,,,ar,,,,,,
2023-03-10 11:31:47.947,6.0,PersonalInfo/KPIsMain/Buttons/PartCountButton,5,5,select_attr,,,partCount,,ar,,,,,,
2023-03-10 11:31:57.313,7.0,PersonalInfo/KPIsSpecific/ShiftNumberSlider,5,5,set_slider,,,,,ar,,,,,,
2023-03-10 11:31:58.036,8.0,PersonalInfo/KPIsSpecific/ShiftNumberSlider,5,5,set_slider,,,,,ar,,,,,,
2023-03-10 11:31:58.446,9.0,PersonalInfo/KPIsSpecific/ShiftNumberSlider,5,5,set_slider,,,,,ar,,,,,,
2023-03-10 11:32:00.069,10.0,PersonalInfo/KPIsSpecific/ShiftNumberSlider,5,5,set_slider,,,,,ar,,,,,,
2023-03-10 11:32:01.525,11.0,PersonalInfo/KPIsSpecific/ShiftNumberSlider,5,5,set_slider,,,,,ar,,,,,,
2023-03-10 11:32:02.166,12.0,PersonalInfo/KPIsSpecific/ShiftNumberSlider,5,5,set_slider,,,,,ar,,,,,,
2023-03-10 11:33:30.591,1.0,HandMenu/LineMonitoringMenu/UsabilityTaskBar/Buttons/CompletedButton,5,6,finish_task,,,,,ar,,,,,,
2023-03-10 15:20:39.625,1.0,HandMenu/LineMonitoringMenu/UsabilityTaskBar/Buttons/CompletedButton,6,2,finish_task,,,,,ar,,,,,,
2023-03-10 15:20:49.852,2.0,Open: 260,6,2,select_station,,,,260,ar,,,,,,
2023-03-10 15:20:52.942,3.0,PersonalInfo/GeneralStationInfo/Buttons/KPIsButton,6,2,show_kpi,personal,,,,ar,,,,,,
2023-03-10 15:21:06.520,4.0,PersonalInfo/KPIsMain/TitleBar/Buttons/CloseButton,6,2,close,personal,kpi_main,,,ar,,,,,,
2023-03-10 15:23:24.547,1.0,HandMenu/LineMonitoringMenu/UsabilityTaskBar/Buttons/CompletedButton,6,3,finish_task,,,,,ar,,,,,,
2023-03-10 15:23:42.914,1.0,HandMenu/LineMonitoringMenu/UsabilityTaskBar/Buttons/CompletedButton,6,4,finish_task,,,,,ar,,,,,,
2023-03-10 15:23:51.849,2.0,Open: 290,6,4,select_station,,,,290,ar,,,,,,
2023-03-10 15:23:54.441,3.0,PersonalInfo/GeneralStationInfo/Buttons/CycleTimesButton,6,4,show_cycle,personal,,,,ar,,,,,,
2023-03-10 15:23:59.683,4.0,PersonalInfo/CycleTimesMain/TitleBar/Buttons/BackButton,6,4,back,personal,cycle_time_main,,,ar,,,,,,
2023-03-10 15:24:01.753,5.0,PersonalInfo/GeneralStationInfo/Buttons/KPIsButton,6,4,show_kpi,personal,,,,ar,,,,,,
2023-03-10 15:24:03.300,6.0,PersonalInfo/KPIsMain/Buttons/OEEButton,6,4,select_attr,,,oee,,ar,,,,,,
2023-03-10 15:24:12.779,7.0,PersonalInfo/KPIsSpecific/ShiftNumberSlider,6,4,set_slider,,,,,ar,,,,,,
2023-03-10 15:24:39.944,8.0,PersonalInfo/KPIsSpecific/TitleBar/Buttons/CloseButton,6,4,close,personal,kpi_specific,,,ar,,,,,,
2023-03-10 15:24:42.900,1.0,HandMenu/LineMonitoringMenu/UsabilityTaskBar/Buttons/CompletedButton,6,5,finish_task,,,,,ar,,,,,,
2023-03-10 15:24:59.964,2.0,Open: 260,6,5,select_station,,,,260,ar,,,,,,
2023-03-10 15:25:00.184,3.0,PersonalInfo/GeneralStationInfo/Buttons/KPIsButton,6,5,show_kpi,personal,,,,ar,,,,,,
2023-03-10 15:25:02.548,4.0,PersonalInfo/KPIsMain/Buttons/PartCountNIOButton,6,5,select_attr,,,partCountNIO,,ar,,,,,,
2023-03-10 15:25:08.008,5.0,PersonalInfo/KPIsSpecific/ShiftNumberSlider,6,5,set_slider,,,,,ar,,,,,,
2023-03-10 15:25:12.360,6.0,PersonalInfo/KPIsSpecific/TitleBar/Buttons/CloseButton,6,5,close,personal,kpi_specific,,,ar,,,,,,
2023-03-10 15:25:13.527,7.0,Open: 260,6,5,select_station,,,,260,ar,,,,,,
2023-03-10 15:25:14.868,8.0,PersonalInfo/GeneralStationInfo/Buttons/KPIsButton,6,5,show_kpi,personal,,,,ar,,,,,,
2023-03-10 15:25:17.184,9.0,PersonalInfo/KPIsMain/Buttons/PartCountButton,6,5,select_attr,,,partCount,,ar,,,,,,
2023-03-10 15:25:22.091,10.0,PersonalInfo/KPIsSpecific/ShiftNumberSlider,6,5,set_slider,,,,,ar,,,,,,
2023-03-10 15:25:30.094,11.0,PersonalInfo/KPIsSpecific/TitleBar/Buttons/CloseButton,6,5,close,personal,kpi_specific,,,ar,,,,,,
2023-03-10 15:25:44.879,1.0,HandMenu/LineMonitoringMenu/UsabilityTaskBar/Buttons/CompletedButton,6,6,finish_task,,,,,ar,,,,,,
2023-03-10 15:55:19.673,1.0,Open: 260,7,1,select_station,,,,260,ar,,,,,,
2023-03-10 15:56:02.394,2.0,PersonalInfo/GeneralStationInfo/TitleBar/Buttons/CloseButtoon,7,1,close,personal,,,,ar,,,,,,
2023-03-10 15:56:05.439,3.0,Open: 260,7,1,select_station,,,,260,ar,,,,,,
2023-03-10 15:56:05.638,4.0,PersonalInfo/GeneralStationInfo/Buttons/BottleneckButton,7,1,bottleneck,personal,,,,ar,,,,,,
2023-03-10 15:57:01.367,5.0,HandMenu/LineMonitoringMenu/FilterButton,7,1,show_filters,,,,,ar,,,,,,
2023-03-10 15:57:06.071,6.0,HandMenu/LineMonitoringMenu/FilterButtonCollection/AllButton,7,1,all,handmenu,,,,ar,,,,,,
2023-03-10 15:57:14.431,7.0,HandMenu/LineMonitoringMenu/BackButton,7,1,back,handmenu,,,,ar,,,,,,
2023-03-10 15:57:38.087,8.0,HandMenu/MainMenu/ButtonCollection/LineMonitoringButton,7,1,line_monitoring,,,,,ar,,,,,,
2023-03-10 15:57:48.561,9.0,Open: 260,7,1,select_station,,,,260,ar,,,,,,
2023-03-10 15:57:52.656,10.0,PersonalInfo/GeneralStationInfo/Buttons/CycleTimesButton,7,1,show_cycle,personal,,,,ar,,,,,,
2023-03-10 15:58:07.662,11.0,PersonalInfo/CycleTimesMain/TitleBar/Buttons/CloseButton,7,1,close,personal,cycle_time_main,,,ar,,,,,,
2023-03-10 15:58:24.374,12.0,Open: 270,7,1,select_station,,,,270,ar,,,,,,
2023-03-10 15:58:30.380,13.0,PersonalInfo/GeneralStationInfo/Buttons/CycleTimesButton,7,1,show_cycle,personal,,,,ar,,,,,,
2023-03-10 15:58:34.886,14.0,PersonalInfo/CycleTimesMain/TitleBar/Buttons/BackButton,7,1,back,personal,cycle_time_main,,,ar,,,,,,
2023-03-10 15:58:38.076,15.0,PersonalInfo/GeneralStationInfo/TitleBar/Buttons/CloseButtoon,7,1,close,personal,,,,ar,,,,,,
2023-03-10 15:58:55.714,1.0,HandMenu/LineMonitoringMenu/UsabilityTaskBar/Buttons/CompletedButton,7,2,finish_task,,,,,ar,,,,,,
2023-03-10 15:59:06.860,2.0,Open: 260,7,2,select_station,,,,260,ar,,,,,,
2023-03-10 15:59:07.039,3.0,PersonalInfo/GeneralStationInfo/Buttons/KPIsButton,7,2,show_kpi,personal,,,,ar,,,,,,
2023-03-10 15:59:27.694,4.0,PersonalInfo/KPIsMain/TitleBar/Buttons/CloseButton,7,2,close,personal,kpi_main,,,ar,,,,,,
2023-03-10 15:59:33.099,1.0,HandMenu/LineMonitoringMenu/UsabilityTaskBar/Buttons/CompletedButton,7,3,finish_task,,,,,ar,,,,,,
2023-03-10 15:59:52.297,2.0,Open: 270,7,3,select_station,,,,270,ar,,,,,,
2023-03-10 15:59:56.637,1.0,HandMenu/LineMonitoringMenu/UsabilityTaskBar/Buttons/CompletedButton,7,4,finish_task,,,,,ar,,,,,,
2023-03-10 16:00:10.164,2.0,Open: 290,7,4,select_station,,,,290,ar,,,,,,
2023-03-10 16:00:42.895,3.0,PersonalInfo/GeneralStationInfo/TitleBar/Buttons/CloseButtoon,7,4,close,personal,,,,ar,,,,,,
2023-03-10 16:00:45.314,4.0,Open: 290,7,4,select_station,,,,290,ar,,,,,,
2023-03-10 16:00:45.499,5.0,PersonalInfo/GeneralStationInfo/Buttons/KPIsButton,7,4,show_kpi,personal,,,,ar,,,,,,
2023-03-10 16:00:57.124,6.0,PersonalInfo/KPIsMain/Buttons/OEEButton,7,4,select_attr,,,oee,,ar,,,,,,
2023-03-10 16:01:03.594,7.0,PersonalInfo/KPIsSpecific/ShiftNumberSlider,7,4,set_slider,,,,,ar,,,,,,
2023-03-10 16:01:17.007,8.0,PersonalInfo/KPIsSpecific/ShiftNumberSlider,7,4,set_slider,,,,,ar,,,,,,
2023-03-10 16:02:40.895,9.0,PersonalInfo/KPIsSpecific/TitleBar/Buttons/CloseButton,7,4,close,personal,kpi_specific,,,ar,,,,,,
2023-03-10 16:02:43.755,1.0,HandMenu/LineMonitoringMenu/UsabilityTaskBar/Buttons/CompletedButton,7,5,finish_task,,,,,ar,,,,,,
2023-03-10 16:02:56.146,2.0,Open: 260,7,5,select_station,,,,260,ar,,,,,,
2023-03-10 16:02:57.779,3.0,PersonalInfo/GeneralStationInfo/Buttons/KPIsButton,7,5,show_kpi,personal,,,,ar,,,,,,
2023-03-10 16:02:59.656,4.0,PersonalInfo/KPIsMain/Buttons/PartCountButton,7,5,select_attr,,,partCount,,ar,,,,,,
2023-03-10 16:03:26.639,5.0,PersonalInfo/KPIsSpecific/ShiftNumberSlider,7,5,set_slider,,,,,ar,,,,,,
2023-03-10 16:03:54.183,6.0,PersonalInfo/KPIsSpecific/TitleBar/Buttons/CloseButton,7,5,close,personal,kpi_specific,,,ar,,,,,,
2023-03-10 16:03:58.399,1.0,HandMenu/LineMonitoringMenu/UsabilityTaskBar/Buttons/CompletedButton,7,6,finish_task,,,,,ar,,,,,,
2023-03-10 16:12:15.450,1.0,HandMenu/LineMonitoringMenu/UsabilityTaskBar/Buttons/CompletedButton,8,2,finish_task,,,,,ar,,,,,,
2023-03-10 16:12:42.018,2.0,Open: 260,8,2,select_station,,,,260,ar,,,,,,
2023-03-10 16:12:45.941,3.0,PersonalInfo/GeneralStationInfo/Buttons/KPIsButton,8,2,show_kpi,personal,,,,ar,,,,,,
2023-03-10 16:13:00.679,4.0,PersonalInfo/KPIsMain/TitleBar/Buttons/CloseButton,8,2,close,personal,kpi_main,,,ar,,,,,,
2023-03-10 16:13:04.702,1.0,HandMenu/LineMonitoringMenu/UsabilityTaskBar/Buttons/CompletedButton,8,3,finish_task,,,,,ar,,,,,,
2023-03-10 16:13:18.381,1.0,HandMenu/LineMonitoringMenu/UsabilityTaskBar/Buttons/CompletedButton,8,4,finish_task,,,,,ar,,,,,,
2023-03-10 16:13:32.960,2.0,Open: 290,8,4,select_station,,,,290,ar,,,,,,
2023-03-10 16:13:46.582,3.0,PersonalInfo/GeneralStationInfo/Buttons/KPIsButton,8,4,show_kpi,personal,,,,ar,,,,,,
2023-03-10 16:13:59.717,4.0,PersonalInfo/KPIsMain/Buttons/OEEButton,8,4,select_attr,,,oee,,ar,,,,,,
2023-03-10 16:14:15.461,5.0,PersonalInfo/KPIsSpecific/ShiftNumberSlider,8,4,set_slider,,,,,ar,,,,,,
2023-03-10 16:14:25.081,6.0,Open: 290,8,4,select_station,,,,290,ar,,,,,,
2023-03-10 16:14:29.651,1.0,HandMenu/LineMonitoringMenu/UsabilityTaskBar/Buttons/CompletedButton,8,5,finish_task,,,,,ar,,,,,,
2023-03-10 16:14:34.729,2.0,PersonalInfo/GeneralStationInfo/TitleBar/Buttons/CloseButtoon,8,5,close,personal,,,,ar,,,,,,
2023-03-10 16:14:55.090,3.0,Open: 260,8,5,select_station,,,,260,ar,,,,,,
2023-03-10 16:14:56.452,4.0,PersonalInfo/GeneralStationInfo/Buttons/KPIsButton,8,5,show_kpi,personal,,,,ar,,,,,,
2023-03-10 16:14:58.075,5.0,PersonalInfo/KPIsMain/Buttons/PartCountButton,8,5,select_attr,,,partCount,,ar,,,,,,
2023-03-10 16:15:08.476,6.0,PersonalInfo/KPIsSpecific/ShiftNumberSlider,8,5,set_slider,,,,,ar,,,,,,
2023-03-10 16:15:24.814,7.0,PersonalInfo/KPIsSpecific/TitleBar/Buttons/CloseButton,8,5,close,personal,kpi_specific,,,ar,,,,,,
2023-03-10 16:15:28.150,1.0,HandMenu/LineMonitoringMenu/UsabilityTaskBar/Buttons/CompletedButton,8,6,finish_task,,,,,ar,,,,,,
2023-03-09 17:29:00.508,,,1,1,finish_task,,,,-1,tablet,icon,1067.0,171.0,,,
2023-03-09 17:29:06.004,,,1,2,select_station,,,,-1,tablet,list,966.0,293.0,,,
2023-03-09 17:29:06.416,,,1,2,select_station,,,,270,tablet,list,960.0,323.0,,,
2023-03-09 17:29:09.645,,,1,2,select_station,,,,290,tablet,list,943.0,287.0,,,
2023-03-09 17:29:10.862,,,1,2,select_station,,,,270,tablet,list,960.0,256.0,,,
2023-03-09 17:29:11.912,,,1,2,select_station,,,,260,tablet,list,942.0,256.0,,,
2023-03-09 17:29:12.466,,,1,2,select_station,,,,-1,tablet,list,938.0,290.0,,,
2023-03-09 17:29:12.858,,,1,2,select_station,,,,270,tablet,list,932.0,323.0,,,
2023-03-09 17:29:14.692,,,1,2,select_station,,,,260,tablet,map,238.0,299.0,,,
2023-03-09 17:29:15.709,,,1,2,select_station,,,,-1,tablet,map,238.0,294.0,,,
2023-03-09 17:29:17.876,,,1,2,select_station,,,,290,tablet,map,561.0,62.0,,,
2023-03-09 17:29:18.124,,,1,2,select_station,,,,270,tablet,map,596.0,150.0,,,
2023-03-09 17:29:19.093,,,1,2,select_station,,,,260,tablet,map,220.0,302.0,,,
2023-03-09 17:29:30.845,,,1,2,show_filters,,,,260,tablet,icon,88.0,399.0,,,
2023-03-09 17:29:36.045,,,1,2,show_kpi,,,,260,tablet,icon,85.0,463.0,,,
2023-03-09 17:29:43.395,,,1,2,finish_task,,,,-1,tablet,icon,1074.0,180.0,,,
2023-03-09 17:29:49.096,,,1,3,select_station,,,,-1,tablet,list,1023.0,275.0,,,
2023-03-09 17:29:52.730,,,1,3,finish_task,,,,-1,tablet,icon,1077.0,174.0,,,
2023-03-09 17:29:57.851,,,1,4,select_station,,,,-1,tablet,list,969.0,303.0,,,
2023-03-09 17:30:00.504,,,1,4,show_kpi,,,,290,tablet,icon,86.0,464.0,,,
2023-03-09 17:30:06.517,,,1,4,select_attr,,,oee,290,tablet,vis,240.0,126.0,1.0,,
2023-03-09 17:30:11.140,,,1,4,set_slider,,,oee,290,tablet,vis,,,3.0,13,
2023-03-09 17:30:13.002,,,1,4,set_slider,,,oee,290,tablet,vis,,,3.0,10,
2023-03-09 17:30:15.973,,,1,4,set_slider,,,oee,290,tablet,vis,,,3.0,11,
2023-03-09 17:30:28.098,,,1,4,finish_task,,,,-1,tablet,icon,1072.0,165.0,,,
2023-03-09 17:30:36.922,,,1,5,select_station,,,,-1,tablet,list,974.0,272.0,,,
2023-03-09 17:31:00.708,,,1,5,show_kpi,,,,260,tablet,icon,87.0,465.0,,,
2023-03-09 17:31:02.611,,,1,5,select_attr,,,partCount,260,tablet,vis,519.0,144.0,1.0,,
2023-03-09 17:31:07.731,,,1,5,set_slider,,,partCount,260,tablet,vis,,,3.0,11,
2023-03-09 17:31:15.102,,,1,5,finish_task,,,,-1,tablet,icon,1072.0,208.0,,,
2023-03-09 17:38:21.409,,,2,1,finish_task,,,,-1,tablet,icon,1079.0,156.0,,,
2023-03-09 17:38:26.808,,,2,2,select_station,,,,-1,tablet,list,1059.0,259.0,,,
2023-03-09 17:38:28.622,,,2,2,show_filters,,,,260,tablet,icon,80.0,397.0,,,
2023-03-09 17:38:29.308,,,2,2,show_kpi,,,,260,tablet,icon,75.0,452.0,,,
2023-03-09 17:38:40.287,,,2,2,finish_task,,,,-1,tablet,icon,1071.0,188.0,,,
2023-03-09 17:39:15.308,,,2,3,finish_task,,,,-1,tablet,icon,1073.0,172.0,,,
2023-03-09 17:39:19.462,,,2,4,select_station,,,,-1,tablet,list,1046.0,297.0,,,
2023-03-09 17:39:23.499,,,2,4,show_cycle,,,,290,tablet,icon,141.0,466.0,,,
2023-03-09 17:39:25.480,,,2,4,show_kpi,,,,290,tablet,icon,90.0,422.0,,,
2023-03-09 17:39:26.815,,,2,4,select_attr,,,oee,290,tablet,vis,227.0,118.0,1.0,,
2023-03-09 17:39:39.200,,,2,4,finish_task,,,,-1,tablet,icon,1074.0,166.0,,,
2023-03-09 17:39:47.421,,,2,5,select_station,,,,-1,tablet,list,1045.0,278.0,,,
2023-03-09 17:39:48.865,,,2,5,show_cycle,,,,260,tablet,icon,139.0,464.0,,,
2023-03-09 17:39:50.261,,,2,5,show_kpi,,,,260,tablet,icon,72.0,423.0,,,
2023-03-09 17:39:51.584,,,2,5,select_attr,,,partCount,260,tablet,vis,531.0,116.0,1.0,,
2023-03-09 17:39:59.290,,,2,5,finish_task,,,,-1,tablet,icon,1065.0,205.0,,,
2023-03-10 09:43:44.981,,,3,1,start_evaluation,,,,-1,tablet,page,,,,,
2023-03-10 09:44:11.122,,,3,1,select_station,,,,-1,tablet,list,977.0,238.0,,,
2023-03-10 09:44:16.481,,,3,1,finish_task,,,,-1,tablet,icon,1093.0,170.0,,,
2023-03-10 09:44:25.512,,,3,2,select_station,,,,260,tablet,map,220.0,296.0,,,
2023-03-10 09:44:26.261,,,3,2,show_filters,,,,260,tablet,icon,74.0,405.0,,,
2023-03-10 09:44:26.876,,,3,2,show_kpi,,,,260,tablet,icon,71.0,476.0,,,
2023-03-10 09:45:12.358,,,3,2,finish_task,,,,-1,tablet,icon,1095.0,186.0,,,
2023-03-10 09:45:24.417,,,3,3,finish_task,,,,-1,tablet,icon,1075.0,159.0,,,
2023-03-10 09:45:29.249,,,3,4,select_station,,,,290,tablet,map,558.0,49.0,,,
2023-03-10 09:45:31.145,,,3,4,show_kpi,,,,290,tablet,icon,73.0,453.0,,,
2023-03-10 09:45:36.366,,,3,4,show_cycle,,,,290,tablet,icon,154.0,542.0,,,
2023-03-10 09:45:40.032,,,3,4,show_kpi,,,,290,tablet,icon,74.0,425.0,,,
2023-03-10 09:45:42.141,,,3,4,select_attr,,,oee,290,tablet,vis,216.0,115.0,1.0,,
2023-03-10 09:45:48.879,,,3,4,set_slider,,,oee,290,tablet,vis,,,3.0,10,
2023-03-10 09:46:38.392,,,3,4,finish_task,,,,-1,tablet,icon,1087.0,173.0,,,
2023-03-10 09:46:46.746,,,3,5,select_station,,,,260,tablet,map,224.0,300.0,,,
2023-03-10 09:46:47.748,,,3,5,show_kpi,,,,260,tablet,icon,96.0,465.0,,,
2023-03-10 09:46:49.024,,,3,5,select_attr,,,partCount,260,tablet,vis,519.0,108.0,1.0,,
2023-03-10 09:46:55.721,,,3,5,set_slider,,,partCount,260,tablet,vis,,,3.0,9,
2023-03-10 09:46:58.292,,,3,5,set_slider,,,partCount,260,tablet,vis,,,3.0,10,
2023-03-10 09:47:22.268,,,3,5,finish_task,,,,-1,tablet,icon,1087.0,206.0,,,
2023-03-10 11:17:46.660,,,4,1,start_evaluation,,,,-1,tablet,page,,,,,
2023-03-10 11:17:53.578,,,4,1,show_filters,,,,-1,tablet,icon,70.0,387.0,,,
2023-03-10 11:17:54.893,,,4,1,show_kpi,,,,-1,tablet,icon,81.0,464.0,,,
2023-03-10 11:17:55.648,,,4,1,show_cycle,,,,-1,tablet,icon,149.0,466.0,,,
2023-03-10 11:17:56.697,,,4,1,select_station,,,,260,tablet,map,221.0,298.0,,,
2023-03-10 11:17:57.493,,,4,1,show_cycle,,,,260,tablet,icon,143.0,449.0,,,
2023-03-10 11:18:10.801,,,4,1,close_vis,,,,260,tablet,icon,212.0,415.0,,,
2023-03-10 11:18:11.670,,,4,1,select_station,,,,270,tablet,map,643.0,153.0,,,
2023-03-10 11:18:12.299,,,4,1,show_cycle,,,,270,tablet,icon,132.0,459.0,,,
2023-03-10 11:18:15.804,,,4,1,show_kpi,,,,270,tablet,icon,69.0,417.0,,,
2023-03-10 11:18:17.405,,,4,1,show_cycle,,,,270,tablet,icon,145.0,529.0,,,
2023-03-10 11:18:19.344,,,4,1,close_vis,,,,270,tablet,icon,220.0,420.0,,,
2023-03-10 11:18:20.406,,,4,1,select_station,,,,290,tablet,map,550.0,61.0,,,
2023-03-10 11:18:21.912,,,4,1,show_cycle,,,,290,tablet,icon,121.0,467.0,,,
2023-03-10 11:18:29.808,,,4,1,select_station,,,,290,tablet,list,906.0,242.0,,,
2023-03-10 11:18:31.882,,,4,1,show_kpi,,,,260,tablet,icon,82.0,417.0,,,
2023-03-10 11:18:34.184,,,4,1,show_cycle,,,,260,tablet,icon,144.0,527.0,,,
2023-03-10 11:18:42.004,,,4,1,close_vis,,,,260,tablet,icon,200.0,410.0,,,
2023-03-10 11:18:42.850,,,4,1,select_station,,,,290,tablet,map,559.0,52.0,,,
2023-03-10 11:18:43.617,,,4,1,show_cycle,,,,290,tablet,icon,133.0,462.0,,,
2023-03-10 11:18:49.617,,,4,1,close_vis,,,,290,tablet,icon,217.0,431.0,,,
2023-03-10 11:18:50.431,,,4,1,select_station,,,,270,tablet,map,634.0,163.0,,,
2023-03-10 11:18:51.035,,,4,1,show_cycle,,,,270,tablet,icon,133.0,459.0,,,
2023-03-10 11:18:51.816,,,4,1,close_vis,,,,270,tablet,icon,221.0,432.0,,,
2023-03-10 11:18:52.409,,,4,1,select_station,,,,260,tablet,map,219.0,292.0,,,
2023-03-10 11:18:52.793,,,4,1,show_cycle,,,,260,tablet,icon,153.0,466.0,,,
2023-03-10 11:19:02.559,,,4,1,select_station,,,,260,tablet,list,906.0,274.0,,,
2023-03-10 11:19:04.256,,,4,1,select_station,,,,270,tablet,list,888.0,295.0,,,
2023-03-10 11:19:07.764,,,4,1,finish_task,,,,-1,tablet,icon,1075.0,162.0,,,
2023-03-10 11:19:12.705,,,4,2,select_station,,,,260,tablet,map,230.0,290.0,,,
2023-03-10 11:19:13.319,,,4,2,show_kpi,,,,260,tablet,icon,85.0,455.0,,,
2023-03-10 11:19:37.821,,,4,2,finish_task,,,,-1,tablet,icon,1073.0,186.0,,,
2023-03-10 11:19:43.982,,,4,3,select_station,,,,270,tablet,map,623.0,182.0,,,
2023-03-10 11:19:45.332,,,4,3,show_kpi,,,,270,tablet,icon,92.0,450.0,,,
2023-03-10 11:19:46.774,,,4,3,show_cycle,,,,270,tablet,icon,149.0,534.0,,,
2023-03-10 11:19:54.408,,,4,3,close_vis,,,,270,tablet,icon,213.0,437.0,,,
2023-03-10 11:20:05.452,,,4,3,select_station,,,,270,tablet,list,1053.0,261.0,,,
2023-03-10 11:20:07.180,,,4,3,select_station,,,,-1,tablet,list,1039.0,264.0,,,
2023-03-10 11:20:14.303,,,4,3,finish_task,,,,-1,tablet,icon,1089.0,171.0,,,
2023-03-10 11:20:24.561,,,4,4,select_station,,,,290,tablet,map,544.0,48.0,,,
2023-03-10 11:20:27.011,,,4,4,show_kpi,,,,290,tablet,icon,73.0,472.0,,,
2023-03-10 11:20:30.268,,,4,4,select_attr,,,oee,290,tablet,vis,146.0,136.0,1.0,,
2023-03-10 11:20:36.531,,,4,4,set_slider,,,oee,290,tablet,vis,,,3.0,11,
2023-03-10 11:20:40.708,,,4,4,set_slider,,,oee,290,tablet,vis,,,3.0,10,
2023-03-10 11:20:44.513,,,4,4,set_slider,,,oee,290,tablet,vis,,,3.0,14,
2023-03-10 11:20:52.216,,,4,4,void_selection,,,,290,tablet,vis,274.0,146.0,,,3.0
2023-03-10 11:20:57.439,,,4,4,finish_task,,,,-1,tablet,icon,1083.0,171.0,,,
2023-03-10 11:21:03.626,,,4,5,select_station,,,,260,tablet,map,218.0,295.0,,,
2023-03-10 11:21:05.361,,,4,5,show_kpi,,,,260,tablet,icon,90.0,448.0,,,
2023-03-10 11:21:09.706,,,4,5,close_vis,,,,260,tablet,icon,226.0,541.0,,,
2023-03-10 11:21:10.337,,,4,5,select_station,,,,-1,tablet,map,226.0,293.0,,,
2023-03-10 11:21:10.708,,,4,5,show_kpi,,,,-1,tablet,icon,94.0,457.0,,,
2023-03-10 11:21:11.765,,,4,5,show_kpi,,,,-1,tablet,icon,85.0,464.0,,,
2023-03-10 11:21:12.568,,,4,5,show_kpi,,,,-1,tablet,icon,78.0,468.0,,,
2023-03-10 11:21:13.207,,,4,5,select_station,,,,260,tablet,map,214.0,312.0,,,
2023-03-10 11:21:13.702,,,4,5,show_kpi,,,,260,tablet,icon,80.0,459.0,,,
2023-03-10 11:21:20.830,,,4,5,select_attr,,,partCount,260,tablet,vis,515.0,116.0,1.0,,
2023-03-10 11:21:25.508,,,4,5,set_slider,,,partCount,260,tablet,vis,,,3.0,10,
2023-03-10 11:21:45.807,,,4,5,finish_task,,,,-1,tablet,icon,1081.0,201.0,,,
2023-03-10 11:38:26.891,,,5,1,start_evaluation,,,,-1,tablet,page,,,,,
2023-03-10 11:38:44.245,,,5,1,finish_task,,,,-1,tablet,icon,1077.0,178.0,,,
2023-03-10 11:38:48.611,,,5,2,select_station,,,,-1,tablet,list,1101.0,260.0,,,
2023-03-10 11:38:50.074,,,5,2,show_filters,,,,260,tablet,icon,64.0,410.0,,,
2023-03-10 11:38:51.417,,,5,2,show_kpi,,,,260,tablet,icon,76.0,461.0,,,
2023-03-10 11:39:39.322,,,5,2,finish_task,,,,-1,tablet,icon,1078.0,188.0,,,
2023-03-10 11:39:44.579,,,5,3,select_station,,,,-1,tablet,list,1049.0,266.0,,,
2023-03-10 11:39:53.696,,,5,3,finish_task,,,,-1,tablet,icon,1091.0,171.0,,,
2023-03-10 11:40:00.566,,,5,4,select_station,,,,-1,tablet,list,1059.0,305.0,,,
2023-03-10 11:40:03.645,,,5,4,show_cycle,,,,290,tablet,icon,141.0,465.0,,,
2023-03-10 11:40:04.999,,,5,4,show_kpi,,,,290,tablet,icon,85.0,444.0,,,
2023-03-10 11:40:13.024,,,5,4,select_station,,,,290,tablet,list,1080.0,307.0,,,
2023-03-10 11:40:13.788,,,5,4,select_station,,,,-1,tablet,list,1075.0,307.0,,,
2023-03-10 11:40:14.176,,,5,4,show_kpi,,,,290,tablet,icon,73.0,469.0,,,
2023-03-10 11:40:17.249,,,5,4,select_attr,,,oee,290,tablet,vis,160.0,144.0,1.0,,
2023-03-10 11:40:21.109,,,5,4,set_slider,,,oee,290,tablet,vis,,,3.0,10,
2023-03-10 11:40:27.621,,,5,4,set_slider,,,oee,290,tablet,vis,,,3.0,15,
2023-03-10 11:41:10.653,,,5,4,set_slider,,,oee,290,tablet,vis,,,3.0,36,
2023-03-10 11:41:18.421,,,5,4,finish_task,,,,-1,tablet,icon,1079.0,169.0,,,
2023-03-10 11:41:25.838,,,5,5,select_station,,,,-1,tablet,list,1049.0,277.0,,,
2023-03-10 11:41:28.837,,,5,5,show_kpi,,,,260,tablet,icon,85.0,457.0,,,
2023-03-10 11:41:30.555,,,5,5,select_attr,,,partCount,260,tablet,vis,404.0,128.0,1.0,,
2023-03-10 11:41:35.140,,,5,5,set_slider,,,partCount,260,tablet,vis,,,3.0,11,
2023-03-10 11:41:42.526,,,5,5,finish_task,,,,-1,tablet,icon,1077.0,224.0,,,
2023-03-10 15:12:19.191,,,6,1,start_evaluation,,,,-1,tablet,page,,,,,
2023-03-10 15:12:26.057,,,6,1,select_station,,,,260,tablet,map,245.0,291.0,,,
2023-03-10 15:12:26.380,,,6,1,show_filters,,,,260,tablet,icon,84.0,383.0,,,
2023-03-10 15:12:28.157,,,6,1,show_kpi,,,,260,tablet,icon,82.0,458.0,,,
2023-03-10 15:12:30.345,,,6,1,show_cycle,,,,260,tablet,icon,147.0,548.0,,,
2023-03-10 15:12:32.853,,,6,1,show_filters,,,,260,tablet,icon,80.0,364.0,,,
2023-03-10 15:12:34.201,,,6,1,show_filters,,,,260,tablet,icon,73.0,369.0,,,
2023-03-10 15:12:34.828,,,6,1,close_vis,,,,260,tablet,icon,219.0,411.0,,,
2023-03-10 15:12:36.745,,,6,1,finish_task,,,,-1,tablet,icon,1084.0,148.0,,,
2023-03-10 15:12:42.047,,,6,2,select_station,,,,260,tablet,map,219.0,305.0,,,
2023-03-10 15:12:43.553,,,6,2,show_kpi,,,,260,tablet,icon,79.0,462.0,,,
2023-03-10 15:12:55.281,,,6,2,finish_task,,,,-1,tablet,icon,1080.0,180.0,,,
2023-03-10 15:13:06.819,,,6,3,finish_task,,,,-1,tablet,icon,1078.0,164.0,,,
2023-03-10 15:13:13.016,,,6,4,select_station,,,,290,tablet,map,527.0,50.0,,,
2023-03-10 15:13:15.361,,,6,4,select_station,,,,-1,tablet,map,552.0,63.0,,,
2023-03-10 15:13:16.534,,,6,4,show_kpi,,,,-1,tablet,icon,86.0,463.0,,,
2023-03-10 15:13:17.633,,,6,4,show_kpi,,,,-1,tablet,icon,76.0,457.0,,,
2023-03-10 15:13:19.540,,,6,4,select_station,,,,290,tablet,map,548.0,65.0,,,
2023-03-10 15:13:20.651,,,6,4,select_station,,,,-1,tablet,map,539.0,50.0,,,
2023-03-10 15:13:21.348,,,6,4,select_station,,,,290,tablet,map,543.0,55.0,,,
2023-03-10 15:13:22.209,,,6,4,show_kpi,,,,290,tablet,icon,95.0,451.0,,,
2023-03-10 15:13:45.833,,,6,4,select_attr,,,oee,290,tablet,vis,240.0,105.0,1.0,,
2023-03-10 15:13:53.502,,,6,4,finish_task,,,,-1,tablet,icon,1088.0,161.0,,,
2023-03-10 15:14:03.622,,,6,5,select_station,,,,260,tablet,map,229.0,297.0,,,
2023-03-10 15:14:07.768,,,6,5,show_kpi,,,,260,tablet,icon,76.0,460.0,,,
2023-03-10 15:14:13.770,,,6,5,select_attr,,,partCount,260,tablet,vis,516.0,121.0,1.0,,
2023-03-10 15:14:19.870,,,6,5,set_slider,,,partCount,260,tablet,vis,,,3.0,10,
2023-03-10 15:14:30.603,,,6,5,finish_task,,,,-1,tablet,icon,1078.0,213.0,,,
2023-03-10 16:06:53.864,,,7,1,start_evaluation,,,,-1,tablet,page,,,,,
2023-03-10 16:06:57.965,,,7,1,finish_task,,,,-1,tablet,icon,1080.0,170.0,,,
2023-03-10 16:07:02.048,,,7,2,select_station,,,,260,tablet,map,207.0,298.0,,,
2023-03-10 16:07:02.599,,,7,2,show_filters,,,,260,tablet,icon,77.0,402.0,,,
2023-03-10 16:07:03.248,,,7,2,show_kpi,,,,260,tablet,icon,82.0,475.0,,,
2023-03-10 16:07:03.946,,,7,2,show_filters,,,,260,tablet,icon,78.0,463.0,,,
2023-03-10 16:07:12.334,,,7,2,finish_task,,,,-1,tablet,icon,1078.0,177.0,,,
2023-03-10 16:07:26.229,,,7,3,finish_task,,,,-1,tablet,icon,1080.0,165.0,,,
2023-03-10 16:07:29.505,,,7,4,select_station,,,,290,tablet,map,555.0,35.0,,,
2023-03-10 16:07:30.147,,,7,4,show_filters,,,,290,tablet,icon,80.0,396.0,,,
2023-03-10 16:07:30.823,,,7,4,show_kpi,,,,290,tablet,icon,75.0,441.0,,,
2023-03-10 16:07:36.662,,,7,4,select_attr,,,oee,290,tablet,vis,153.0,116.0,1.0,,
2023-03-10 16:07:40.566,,,7,4,set_slider,,,oee,290,tablet,vis,,,3.0,11,
2023-03-10 16:07:54.534,,,7,4,finish_task,,,,-1,tablet,icon,1074.0,168.0,,,
2023-03-10 16:07:59.330,,,7,5,show_kpi,,,,-1,tablet,icon,77.0,460.0,,,
2023-03-10 16:08:02.383,,,7,5,select_station,,,,260,tablet,map,223.0,295.0,,,
2023-03-10 16:08:02.925,,,7,5,show_kpi,,,,260,tablet,icon,90.0,456.0,,,
2023-03-10 16:08:07.524,,,7,5,select_attr,,,partCount,260,tablet,vis,500.0,126.0,1.0,,
2023-03-10 16:08:13.144,,,7,5,set_slider,,,partCount,260,tablet,vis,,,3.0,10,
2023-03-10 16:08:26.857,,,7,5,finish_task,,,,-1,tablet,icon,1084.0,200.0,,,
2023-03-10 16:00:09.818,,,8,1,start_evaluation,,,,-1,tablet,page,,,,,
2023-03-10 16:00:22.776,,,8,1,select_station,,,,260,tablet,map,236.0,310.0,,,
2023-03-10 16:00:27.495,,,8,1,finish_task,,,,-1,tablet,icon,1097.0,165.0,,,
2023-03-10 16:00:38.878,,,8,2,select_station,,,,260,tablet,map,220.0,314.0,,,
2023-03-10 16:00:39.710,,,8,2,show_filters,,,,260,tablet,icon,76.0,398.0,,,
2023-03-10 16:00:40.682,,,8,2,show_kpi,,,,260,tablet,icon,69.0,463.0,,,
2023-03-10 16:01:07.755,,,8,2,finish_task,,,,-1,tablet,icon,1083.0,194.0,,,
2023-03-10 16:01:24.394,,,8,3,finish_task,,,,-1,tablet,icon,1094.0,172.0,,,
2023-03-10 16:01:30.762,,,8,4,select_station,,,,290,tablet,map,561.0,46.0,,,
2023-03-10 16:01:31.789,,,8,4,show_kpi,,,,290,tablet,icon,91.0,460.0,,,
2023-03-10 16:01:33.712,,,8,4,select_attr,,,oee,290,tablet,vis,243.0,117.0,1.0,,
2023-03-10 16:01:56.687,,,8,4,finish_task,,,,-1,tablet,icon,1081.0,159.0,,,
2023-03-10 16:02:03.137,,,8,5,select_station,,,,260,tablet,map,244.0,287.0,,,
2023-03-10 16:02:03.966,,,8,5,show_kpi,,,,260,tablet,icon,77.0,463.0,,,
2023-03-10 16:02:07.416,,,8,5,select_attr,,,partCount,260,tablet,vis,519.0,103.0,1.0,,
2023-03-10 16:02:34.858,,,8,5,set_slider,,,partCount,260,tablet,vis,,,3.0,10,
2023-03-10 16:02:44.286,,,8,5,set_slider,,,partCount,260,tablet,vis,,,3.0,12,
2023-03-10 16:02:52.410,,,8,5,finish_task,,,,-1,tablet,icon,1082.0,208.0,,,
2023-03-10 19:55:25.955,,,0,1,start_evaluation,,,,-1,tablet,page,,,,,
2023-03-10 19:55:29.554,,,0,1,finish_task,,,,-1,tablet,icon,1084.0,161.0,,,
2023-03-10 19:55:32.185,,,0,2,select_station,,,,260,tablet,map,232.0,300.0,,,
2023-03-10 19:55:33.011,,,0,2,show_filters,,,,260,tablet,icon,85.0,401.0,,,
2023-03-10 19:55:34.388,,,0,2,show_kpi,,,,260,tablet,icon,81.0,461.0,,,
2023-03-10 19:55:37.497,,,0,2,finish_task,,,,-1,tablet,icon,1074.0,178.0,,,
2023-03-10 19:55:46.038,,,0,3,select_station,,,,270,tablet,map,643.0,157.0,,,
2023-03-10 19:55:46.937,,,0,3,finish_task,,,,-1,tablet,icon,1082.0,174.0,,,
2023-03-10 19:55:52.148,,,0,4,select_station,,,,290,tablet,map,555.0,67.0,,,
2023-03-10 19:55:52.995,,,0,4,show_kpi,,,,290,tablet,icon,80.0,467.0,,,
2023-03-10 19:55:54.368,,,0,4,select_attr,,,oee,290,tablet,vis,238.0,123.0,1.0,,
2023-03-10 19:55:58.991,,,0,4,set_slider,,,oee,290,tablet,vis,,,3.0,14,
2023-03-10 19:56:03.451,,,0,4,finish_task,,,,-1,tablet,icon,1093.0,176.0,,,
2023-03-10 19:56:07.001,,,0,5,select_station,,,,260,tablet,map,223.0,299.0,,,
2023-03-10 19:56:08.703,,,0,5,show_kpi,,,,260,tablet,icon,86.0,480.0,,,
2023-03-10 19:56:10.118,,,0,5,select_attr,,,partCount,260,tablet,vis,513.0,142.0,1.0,,
2023-03-10 19:56:15.542,,,0,5,set_slider,,,partCount,260,tablet,vis,,,3.0,13,
2023-03-10 19:56:18.531,,,0,5,finish_task,,,,-1,tablet,icon,1082.0,195.0,,,
